asin,product_name,category
B0CYGYCRH8,PTZ 3MP,Camera
B0F8W4KJMX,PTZ 3MP - Model 2.0,Camera
B0BZJ4GSZY,Bullet Cam,Camera
B0FJSCCNX6,PTZ as Baby Cam,Camera
B0G64G64YL,PTZ 3MP Camera (2026 Edition),Camera
B0G64NW2KQ,PTZ 3MP Camera Pack of 2 (2026 Edition),Camera
B0G64G8V1S,PTZ 4MP camera (2026 Edition),Camera
B0G64L13KL,3MP Bullet Camera (2026 Edition),Camera
B0G64N61F1,PTZ 3MP indoor + outdoor camera combo (2026 Edition),Camera
B0GRTY3YT9,Smart Cam 360 Pro 4MP,Camera
B0GJ4LZTBW,Outdoor Bullet camera Pro 4MP,Camera
B09VC969B4,Dash Cam Pro 2k,Dashcam
B0CGQXY29P,Dash Cam Pro X (Grey),Dashcam
B0CJJWX3XJ,Dashcam ProX,Dashcam
B0F243ZNYL,Dash Cam Starvis 2,Dashcam
B0F2237M2D,Dash Cam Starvis 2 Dual,Dashcam
B0CZ9DC1H9,Dashcam 4K,Dashcam
B0CYWN36YH,Dashcam 4K Dual,Dashcam
B0DMP5SFT5,Dashcam 2.7K,Dashcam
B0DMP61FKC,Dashcam 2.7K Dual,Dashcam
B0GC5ZTHQ2,2.7K front (2026 Edition),Dashcam
B0G64HV4LX,2.7K dual new (2026 Edition),Dashcam
B0G64T8HFX,3K Starvis 2 dual new (2026 Edition),Dashcam
B0G8KT3C7S,4K dual new (2026 Edition),Dashcam
B0FPGC9FFX,Dashcam 4G Live,Dashcam
B0FPQNPX6R,3 channel Trio Dashcam,Dashcam
B0BDFMGZVD,Door Lock Essential (Black),Locks
B0BS9LFSWJ,Door Lock Essential (Copper),Locks
B09M8QS88Y,Door Lock Select (Black),Locks
B0DWMZ5F2Y,Door Lock Select (Copper),Locks
B0DWMVXVHF,Door Lock Ultra (Black),Locks
B09W5TBV8Y,Door Lock Ultra WIFI (Copper),Locks
B0F8VK4H3P,Smart Door Lock Optima (black),Locks
B0BZ4MNVPQ,Door Lock Elite,Locks
B0CG96XWLN,WiFi Gateway,Locks
B0D1BYW5WZ,VDB Pro,VDB
B0D1C285WF,Instaview,VDB
B0G2LN2PK4,VDB Pro (12 Month Subscription),VDB
B0F94FSRVV,Qubo Essential Lock Black + VDB Pro,Lock & VDB Pro combo
B0F8VT3DVD,Qubo Essential Lock Copper + VDB Pro,Lock & VDB Pro combo
B0F8W6DL83,Qubo Select Lock Black + VDB Pro,Lock & VDB Pro combo
B0F8VW9BJY,Qubo Select Lock Copper + VDB Pro,Lock & VDB Pro combo
B0D1GBC8GT,Car GPS Tracker with Imm (12),Auto
B0CL4V1R3J,GPS Tracker Bike Pro (1),Auto
B0CM37YT6M,GPS Tracker Bike Pro (12),Auto
B0D92HGSFG,Wireless GPS Tracker,Auto
B0B51F275H,TPI Battery,Auto
B0D86YQ8QM,Jump Starter,Auto
B0D37XX7W6,TPI Max,Auto
B0B51GYDS6,TPI Pro,Auto
B0CMH94KPM,AirPurifierQ200,Air purifiers
B0CMHDMPWX,AirPurifierQ400,Air purifiers
B0CMH9TSVC,AirPurifierQ500,Air purifiers
B0DM1XHXSR,AirPurifierQ600,Air purifiers
B0DM1XX6VH,AirPurifierQ1000,Air purifiers
B0G5ZBGZWF,AirPurifierQ1000 Ultra,Air purifiers
B0FXWT3NHH,AirPurifier R250,Air purifiers
B0FXWSTM13,AirPurifier R700,Air purifiers
B0D1K7B95Z,Air Purifier (Q200 Filter),Air purifiers
B0GPD357VD,Air Purifier (R250 Filter),Air purifiers
B0GRZW7S5P,Air Purifier (Q400 Filter),Air purifiers
B0D1K6XC73,Air Purifier (Q500 Filter),Air purifiers
B0GS174DH9,Air Purifier (Q600 Filter),Air purifiers
B0GPDW46XD,Air Purifier (R700 Filter),Air purifiers
B0FNCXL64C,Air Purifier (Q1000/Q1000 Ultra Filter),Air purifiers
